[
{
    "model": "sessions.session",
    "pk": "1k6o4wdd44a0nh0jqs2exmhgiuk26sn3",
    "fields": {
        "session_data": ".eJxVjLEOwjAMRP8lM4rsBExgZOcbIic2pIBSqWknxL_TSB1gOZ3uPd3bRF7mEpemUxzEnA06s_sdE-en1k7kwfU-2jzWeRqS7YrdaLPXUfR12dy_g8Kt9F-iG2BmBfIesoon9MyJwJ3CWjQzJiBidxSEFNYMuPfKjvDghM3nCwACN8s:1pcRQ6:XV9bWIAomc4DGd9xHk-jXFAZYyUd9fx3OPmlZaohJkk",
        "expire_date": "2023-03-29T13:43:58.164Z"
    }
},
{
    "model": "sessions.session",
    "pk": "25hukreomxc2p0nppibq4z5hthsdahka",
    "fields": {
        "session_data": ".eJxVjDsOwjAQBe_iGlkJWf8o6XMGa3e9wQFkS3FSIe4OkVJA-2bmvVTEbc1xa7LEOamL6r06_Y6E_JCyk3THcquaa1mXmfSu6IM2PdYkz-vh_h1kbPlbo2NywQr05AbxzkzTYCx7YCAIZyvcWQdpsBSMBDZeOHFHYB2SEIN6fwASfji1:1pkW9C:nuFHU1ZpwbNatd6OCBXVMUW4mOytONjMJG2S6mQBwBM",
        "expire_date": "2023-04-20T20:23:54.537Z"
    }
},
{
    "model": "sessions.session",
    "pk": "2nsowu2orjxnv1izh0oaetwrgikgvjf0",
    "fields": {
        "session_data": ".eJxVjLEOwjAMRP8lM4rsBExgZOcbIic2pIBSqWknxL_TSB1gOZ3uPd3bRF7mEpemUxzEnA06s_sdE-en1k7kwfU-2jzWeRqS7YrdaLPXUfR12dy_g8Kt9F-iG2BmBfIesoon9MyJwJ3CWjQzJiBidxSEFNYMuPfKjvDghM3nCwACN8s:1phySs:7z3u8-0jlbw00VX1tpS_EK2peydkOPbsVq0TwG8sbkI",
        "expire_date": "2023-04-13T20:01:42.170Z"
    }
},
{
    "model": "sessions.session",
    "pk": "2ts6xosckgyf6gvjspjsdgp85tmhss9z",
    "fields": {
        "session_data": "e30:1pYqXW:Fizl4qC2yRT37D28lZgFocsymZkbHOT-xwLgsJByY1A",
        "expire_date": "2023-03-19T15:44:46.883Z"
    }
},
{
    "model": "sessions.session",
    "pk": "35btr670h12it0yzsh3mt1w5tyv89pv2",
    "fields": {
        "session_data": ".eJxVjLEOwjAMRP8lM4rsBExgZOcbIic2pIBSqWknxL_TSB1gOZ3uPd3bRF7mEpemUxzEnA06s_sdE-en1k7kwfU-2jzWeRqS7YrdaLPXUfR12dy_g8Kt9F-iG2BmBfIesoon9MyJwJ3CWjQzJiBidxSEFNYMuPfKjvDghM3nCwACN8s:1pak5E:LmERuqH188qoFzzvOByW4eT6F6bG--F9pWtS1QbM7wc",
        "expire_date": "2023-03-24T21:15:24.923Z"
    }
},
{
    "model": "sessions.session",
    "pk": "4v5tbndxw0t4fxrdn3hcqo2sq59tvb41",
    "fields": {
        "session_data": ".eJxVjLEOwjAMRP8lM4rsBExgZOcbIic2pIBSqWknxL_TSB1gOZ3uPd3bRF7mEpemUxzEnA06s_sdE-en1k7kwfU-2jzWeRqS7YrdaLPXUfR12dy_g8Kt9F-iG2BmBfIesoon9MyJwJ3CWjQzJiBidxSEFNYMuPfKjvDghM3nCwACN8s:1pcWwD:a4Ev_FYfBVMbYLJtz6MoGjP2qqgok6nruC-Q6tglF_U",
        "expire_date": "2023-03-29T19:37:29.669Z"
    }
},
{
    "model": "sessions.session",
    "pk": "54pgeg2cjk3u8yak8m63t74xuqs72oq1",
    "fields": {
        "session_data": ".eJxVjDsOwjAQBe_iGlkJWf8o6XMGa3e9wQFkS3FSIe4OkVJA-2bmvVTEbc1xa7LEOamL6r06_Y6E_JCyk3THcquaa1mXmfSu6IM2PdYkz-vh_h1kbPlbo2NywQr05AbxzkzTYCx7YCAIZyvcWQdpsBSMBDZeOHFHYB2SEIN6fwASfji1:1pgSDD:H7E4ig7FM7Z_gZtnh4IKe9QrO11X9vpQzOWUHCd4xhA",
        "expire_date": "2023-04-09T15:23:15.302Z"
    }
},
{
    "model": "sessions.session",
    "pk": "5hr0od00h0cl4u77pzwlzgdpxz8vu9mc",
    "fields": {
        "session_data": ".eJxVjLEOwjAMRP8lM4rsBExgZOcbIic2pIBSqWknxL_TSB1gOZ3uPd3bRF7mEpemUxzEnA06s_sdE-en1k7kwfU-2jzWeRqS7YrdaLPXUfR12dy_g8Kt9F-iG2BmBfIesoon9MyJwJ3CWjQzJiBidxSEFNYMuPfKjvDghM3nCwACN8s:1pax40:i51z6cs9tcFGgCrGrSRuf7R59j8NswZELhsoFKqKxug",
        "expire_date": "2023-03-25T11:07:00.678Z"
    }
},
{
    "model": "sessions.session",
    "pk": "5pn4tu6xv6mwxvqmnmh66meu21dvuyhk",
    "fields": {
        "session_data": ".eJxVjLEOwjAMRP8lM4rsBExgZOcbIic2pIBSqWknxL_TSB1gOZ3uPd3bRF7mEpemUxzEnA06s_sdE-en1k7kwfU-2jzWeRqS7YrdaLPXUfR12dy_g8Kt9F-iG2BmBfIesoon9MyJwJ3CWjQzJiBidxSEFNYMuPfKjvDghM3nCwACN8s:1pc2SK:llu55LrfZdEp7VQnpp579YUSnuArX5gei4QLd_Q6ceM",
        "expire_date": "2023-03-28T11:04:36.168Z"
    }
},
{
    "model": "sessions.session",
    "pk": "5tzg5l484sy6uqj15x8et127g8gpjfh8",
    "fields": {
        "session_data": ".eJxVjLEOwjAMRP8lM4rsBExgZOcbIic2pIBSqWknxL_TSB1gOZ3uPd3bRF7mEpemUxzEnA06s_sdE-en1k7kwfU-2jzWeRqS7YrdaLPXUfR12dy_g8Kt9F-iG2BmBfIesoon9MyJwJ3CWjQzJiBidxSEFNYMuPfKjvDghM3nCwACN8s:1paxCR:RCgg8i3L0yq7CV7ZqfA_lkwRer7aDToryAKb1fX7M1c",
        "expire_date": "2023-03-25T11:15:43.565Z"
    }
},
{
    "model": "sessions.session",
    "pk": "6mdufsdhl6sgl7glbtwfol6kpy4bakxg",
    "fields": {
        "session_data": ".eJxVjDsOwjAQBe_iGlkJWf8o6XMGa3e9wQFkS3FSIe4OkVJA-2bmvVTEbc1xa7LEOamL6r06_Y6E_JCyk3THcquaa1mXmfSu6IM2PdYkz-vh_h1kbPlbo2NywQr05AbxzkzTYCx7YCAIZyvcWQdpsBSMBDZeOHFHYB2SEIN6fwASfji1:1pgoGT:k0kBvhhc3e_6PSaqxN_EYgpZ_8TvNPdfbwx-GbPPqws",
        "expire_date": "2023-04-10T14:56:05.884Z"
    }
},
{
    "model": "sessions.session",
    "pk": "7pcwb6ljbnhj635i2bv882dqzbfc0nye",
    "fields": {
        "session_data": ".eJxVjLEOwjAMRP8lM4rsBExgZOcbIic2pIBSqWknxL_TSB1gOZ3uPd3bRF7mEpemUxzEnA06s_sdE-en1k7kwfU-2jzWeRqS7YrdaLPXUfR12dy_g8Kt9F-iG2BmBfIesoon9MyJwJ3CWjQzJiBidxSEFNYMuPfKjvDghM3nCwACN8s:1payt5:tYMXw1W4bWtKG_OHJzzqLlftzD1kPjSV2RmIriMioVU",
        "expire_date": "2023-03-25T13:03:51.086Z"
    }
},
{
    "model": "sessions.session",
    "pk": "8mkogigad64x5nrzvblhampqvi9rtjht",
    "fields": {
        "session_data": ".eJxVjLEOwjAMRP8lM4rsBExgZOcbIic2pIBSqWknxL_TSB1gOZ3uPd3bRF7mEpemUxzEnA06s_sdE-en1k7kwfU-2jzWeRqS7YrdaLPXUfR12dy_g8Kt9F-iG2BmBfIesoon9MyJwJ3CWjQzJiBidxSEFNYMuPfKjvDghM3nCwACN8s:1pc4OR:Qhi-XIeXnQjB9aud5pM4HsGS4cp6sXLmJwma_nBrFNk",
        "expire_date": "2023-03-28T13:08:43.151Z"
    }
},
{
    "model": "sessions.session",
    "pk": "99b065zoh5syhkzqeras2i6i20lwjkik",
    "fields": {
        "session_data": ".eJxVjLEOwjAMRP8lM4rsBExgZOcbIic2pIBSqWknxL_TSB1gOZ3uPd3bRF7mEpemUxzEnA06s_sdE-en1k7kwfU-2jzWeRqS7YrdaLPXUfR12dy_g8Kt9F-iG2BmBfIesoon9MyJwJ3CWjQzJiBidxSEFNYMuPfKjvDghM3nCwACN8s:1pb0Sa:SEMFJAYmXc3A0BWXmgUV2tueKg-whIiVSAGyUeayhUE",
        "expire_date": "2023-03-25T14:44:36.681Z"
    }
},
{
    "model": "sessions.session",
    "pk": "b8ga80niigl9foe6ce2ua510pvqlbtz5",
    "fields": {
        "session_data": ".eJxVjLEOwjAMRP8lM4rsBExgZOcbIic2pIBSqWknxL_TSB1gOZ3uPd3bRF7mEpemUxzEnA06s_sdE-en1k7kwfU-2jzWeRqS7YrdaLPXUfR12dy_g8Kt9F-iG2BmBfIesoon9MyJwJ3CWjQzJiBidxSEFNYMuPfKjvDghM3nCwACN8s:1pcQzI:rpLFV1yP-vySbtcA-atunDPQMdHphIXJq9X6sOO7jhs",
        "expire_date": "2023-03-29T13:16:16.748Z"
    }
},
{
    "model": "sessions.session",
    "pk": "chn6tykadree50qg3pynxo2dak8a1k5s",
    "fields": {
        "session_data": ".eJxVjLEOwjAMRP8lM4rsBExgZOcbIic2pIBSqWknxL_TSB1gOZ3uPd3bRF7mEpemUxzEnA06s_sdE-en1k7kwfU-2jzWeRqS7YrdaLPXUfR12dy_g8Kt9F-iG2BmBfIesoon9MyJwJ3CWjQzJiBidxSEFNYMuPfKjvDghM3nCwACN8s:1pb6Kr:eSYdxY2KfU8om63zjq34NpwKEK4Z9measaqdmMiTz8U",
        "expire_date": "2023-03-25T21:01:01.331Z"
    }
},
{
    "model": "sessions.session",
    "pk": "clc7xt83syzgz7u7944muo2xvrx07vo1",
    "fields": {
        "session_data": ".eJxVjEEOwiAQRe_C2hBgmoG6dO8ZyHQYpGogKe3KeHdt0oVu_3vvv1SkbS1x67LEOamzsur0u03ED6k7SHeqt6a51XWZJ70r-qBdX1uS5-Vw_w4K9fKtESgIQggGWWxCHMEz2wwMRjJNgQYhQOOzG1IeJHh0EMh67zKNnNT7A-IZOBA:1prh7i:yDAKGRSfWv1eACiYjyQDT2kbJ91yAyByBxTc4DZybPU",
        "expire_date": "2023-05-10T15:32:02.261Z"
    }
},
{
    "model": "sessions.session",
    "pk": "d6zdz358i9pxbfwbdcvkuvv544j2x8u9",
    "fields": {
        "session_data": ".eJxVjDsOwjAQBe_iGlkJWf8o6XMGa3e9wQFkS3FSIe4OkVJA-2bmvVTEbc1xa7LEOamL6r06_Y6E_JCyk3THcquaa1mXmfSu6IM2PdYkz-vh_h1kbPlbo2NywQr05AbxzkzTYCx7YCAIZyvcWQdpsBSMBDZeOHFHYB2SEIN6fwASfji1:1pi0Vs:WG0GR6XDAqglecEof2XSRq1FH-AeVLAbToKQ6evLTJM",
        "expire_date": "2023-04-13T22:12:56.807Z"
    }
},
{
    "model": "sessions.session",
    "pk": "e4thmue47p8nky692v9scvut4aosiol4",
    "fields": {
        "session_data": ".eJxVjLEOwjAMRP8lM4rsBExgZOcbIic2pIBSqWknxL_TSB1gOZ3uPd3bRF7mEpemUxzEnA06s_sdE-en1k7kwfU-2jzWeRqS7YrdaLPXUfR12dy_g8Kt9F-iG2BmBfIesoon9MyJwJ3CWjQzJiBidxSEFNYMuPfKjvDghM3nCwACN8s:1pdBWr:2q1Q9Ha6JPA4ecTkiNlHN8Q912n58r92HrQ9uPdZteg",
        "expire_date": "2023-03-31T14:58:01.824Z"
    }
},
{
    "model": "sessions.session",
    "pk": "gtoh4q1cjozid09iauoj49pqsvh7qck7",
    "fields": {
        "session_data": ".eJxVjLEOwjAMRP8lM4rsBExgZOcbIic2pIBSqWknxL_TSB1gOZ3uPd3bRF7mEpemUxzEnA06s_sdE-en1k7kwfU-2jzWeRqS7YrdaLPXUfR12dy_g8Kt9F-iG2BmBfIesoon9MyJwJ3CWjQzJiBidxSEFNYMuPfKjvDghM3nCwACN8s:1paLED:I7d6FSaREIzlx-t2NlnXMP8YbnhcxORnQVQ-VzLgtMU",
        "expire_date": "2023-03-23T18:43:01.902Z"
    }
},
{
    "model": "sessions.session",
    "pk": "hidiz9nfr5nvfkjma42of1mzdjm71wn8",
    "fields": {
        "session_data": ".eJxVjEEOwiAQRe_C2hBgmoG6dO8ZyHQYpGogKe3KeHdt0oVu_3vvv1SkbS1x67LEOamzsur0u03ED6k7SHeqt6a51XWZJ70r-qBdX1uS5-Vw_w4K9fKtESgIQggGWWxCHMEz2wwMRjJNgQYhQOOzG1IeJHh0EMh67zKNnNT7A-IZOBA:1paeSp:MbXW5_A07TcV1ul9xchASWpzx0KOg0-PbRveuURWmMk",
        "expire_date": "2023-03-24T15:15:23.964Z"
    }
},
{
    "model": "sessions.session",
    "pk": "in9xamvfwvtid751jxk7gd5rxrdxrxt0",
    "fields": {
        "session_data": ".eJxVjLEOwjAMRP8lM4rsBExgZOcbIic2pIBSqWknxL_TSB1gOZ3uPd3bRF7mEpemUxzEnA06s_sdE-en1k7kwfU-2jzWeRqS7YrdaLPXUfR12dy_g8Kt9F-iG2BmBfIesoon9MyJwJ3CWjQzJiBidxSEFNYMuPfKjvDghM3nCwACN8s:1pb0Ow:FjlxudKae3B9H-H5L9P24HnvfZkdEguYyk1pxXNnYOw",
        "expire_date": "2023-03-25T14:40:50.650Z"
    }
},
{
    "model": "sessions.session",
    "pk": "jdhoms7w724nwggy2vq17rtul220x1ob",
    "fields": {
        "session_data": ".eJxVjLEOwjAMRP8lM4rsBExgZOcbIic2pIBSqWknxL_TSB1gOZ3uPd3bRF7mEpemUxzEnA06s_sdE-en1k7kwfU-2jzWeRqS7YrdaLPXUfR12dy_g8Kt9F-iG2BmBfIesoon9MyJwJ3CWjQzJiBidxSEFNYMuPfKjvDghM3nCwACN8s:1pb12Z:9qAAGiIjlLHLzZNGOK7J6U76AgrO5noChQzk-OnAXoQ",
        "expire_date": "2023-03-25T15:21:47.435Z"
    }
},
{
    "model": "sessions.session",
    "pk": "l2jhq6cw29liw5hlgqpwiu7w9uos8c20",
    "fields": {
        "session_data": ".eJxVjLEOwjAMRP8lM4rsBExgZOcbIic2pIBSqWknxL_TSB1gOZ3uPd3bRF7mEpemUxzEnA06s_sdE-en1k7kwfU-2jzWeRqS7YrdaLPXUfR12dy_g8Kt9F-iG2BmBfIesoon9MyJwJ3CWjQzJiBidxSEFNYMuPfKjvDghM3nCwACN8s:1pi0Xb:4jY4HkPEP513UsbRuVjI6pg-vzbdhHXJVMnqy1umIvw",
        "expire_date": "2023-04-13T22:14:43.112Z"
    }
},
{
    "model": "sessions.session",
    "pk": "m24w4n7ygp998d0yqagu35uuowb2ipe7",
    "fields": {
        "session_data": ".eJxVjLEOwjAMRP8lM4rsBExgZOcbIic2pIBSqWknxL_TSB1gOZ3uPd3bRF7mEpemUxzEnA06s_sdE-en1k7kwfU-2jzWeRqS7YrdaLPXUfR12dy_g8Kt9F-iG2BmBfIesoon9MyJwJ3CWjQzJiBidxSEFNYMuPfKjvDghM3nCwACN8s:1pbLUF:QNC26WEEhjTkRiilMd31UqYWeCqtioVtLKZ655cbocY",
        "expire_date": "2023-03-26T13:11:43.136Z"
    }
},
{
    "model": "sessions.session",
    "pk": "mdvzr3os2c3p1gw9ss3eei47mvyz4gen",
    "fields": {
        "session_data": ".eJxVjMEOwiAQRP-FsyHALhU8evcbCLCLVA1NSnsy_rtt0oNmbvPezFuEuC41rJ3nMJK4CA3i9FummJ_cdkKP2O6TzFNb5jHJXZEH7fI2Eb-uh_t3UGOv21qlTOisPxu2uiB4CwMBIVNEXxIQuKH4jEazcnoLUsLiMjswoIoSny_-vzez:1phvc4:7ybadp2h_IrGxfCGUuCjWBeJQBYYS2aPi6VVBhty2SQ",
        "expire_date": "2023-04-13T16:59:00.820Z"
    }
},
{
    "model": "sessions.session",
    "pk": "ncsbgaufjttd1nju24oegl0sdzt4ypws",
    "fields": {
        "session_data": ".eJxVjLEOwjAMRP8lM4rsBExgZOcbIic2pIBSqWknxL_TSB1gOZ3uPd3bRF7mEpemUxzEnA06s_sdE-en1k7kwfU-2jzWeRqS7YrdaLPXUfR12dy_g8Kt9F-iG2BmBfIesoon9MyJwJ3CWjQzJiBidxSEFNYMuPfKjvDghM3nCwACN8s:1pc1G4:C-lVcvCx3lRhFhyYOcRIi1NdQqWL0txGb74aWQ6s4KI",
        "expire_date": "2023-03-28T09:47:52.249Z"
    }
},
{
    "model": "sessions.session",
    "pk": "noflfcauptxuk685s32u1lge3lfrpbus",
    "fields": {
        "session_data": ".eJxVjLEOwjAMRP8lM4rsBExgZOcbIic2pIBSqWknxL_TSB1gOZ3uPd3bRF7mEpemUxzEnA06s_sdE-en1k7kwfU-2jzWeRqS7YrdaLPXUfR12dy_g8Kt9F-iG2BmBfIesoon9MyJwJ3CWjQzJiBidxSEFNYMuPfKjvDghM3nCwACN8s:1pax2M:f1GoabTaquBPD3s4pF_beLQ4UPb584-o3EkvbrNp2mc",
        "expire_date": "2023-03-25T11:05:18.805Z"
    }
},
{
    "model": "sessions.session",
    "pk": "olmekpucgux9r3t2pnlpj3olahr4a0yj",
    "fields": {
        "session_data": ".eJxVjEEOwiAQRe_C2hBgmoG6dO8ZyHQYpGogKe3KeHdt0oVu_3vvv1SkbS1x67LEOamzsur0u03ED6k7SHeqt6a51XWZJ70r-qBdX1uS5-Vw_w4K9fKtESgIQggGWWxCHMEz2wwMRjJNgQYhQOOzG1IeJHh0EMh67zKNnNT7A-IZOBA:1pdaMp:E3geP5SO52WOfuV3X_3hIr1qWBSc9gAJexLfUdnJ30E",
        "expire_date": "2023-04-01T17:29:19.806Z"
    }
},
{
    "model": "sessions.session",
    "pk": "osmmvhca5ds1ju4prdc31kqz8j3nugwf",
    "fields": {
        "session_data": ".eJxVjLEOwjAMRP8lM4rsBExgZOcbIic2pIBSqWknxL_TSB1gOZ3uPd3bRF7mEpemUxzEnA06s_sdE-en1k7kwfU-2jzWeRqS7YrdaLPXUfR12dy_g8Kt9F-iG2BmBfIesoon9MyJwJ3CWjQzJiBidxSEFNYMuPfKjvDghM3nCwACN8s:1pc5uo:_ppRZfiEmGO2HOtdP8UnkzcODM7Pf4fHwmkcHfZo-Sk",
        "expire_date": "2023-03-28T14:46:14.345Z"
    }
},
{
    "model": "sessions.session",
    "pk": "pf0jer5vf090wtzrfgn08ganlu3r02zr",
    "fields": {
        "session_data": ".eJxVjLEOwjAMRP8lM4rsBExgZOcbIic2pIBSqWknxL_TSB1gOZ3uPd3bRF7mEpemUxzEnA06s_sdE-en1k7kwfU-2jzWeRqS7YrdaLPXUfR12dy_g8Kt9F-iG2BmBfIesoon9MyJwJ3CWjQzJiBidxSEFNYMuPfKjvDghM3nCwACN8s:1pb1Rk:s5qiRGE4uxOa8DxcRa_C9Eu1iQjmUUaGDFjQZ3i0gC0",
        "expire_date": "2023-03-25T15:47:48.937Z"
    }
},
{
    "model": "sessions.session",
    "pk": "phfzp14bt1xu9s5qzo48oc3fpnaxxcsy",
    "fields": {
        "session_data": ".eJxVjMEOwiAQRP-FsyHALhU8evcbCLCLVA1NSnsy_rtt0oNmbvPezFuEuC41rJ3nMJK4CA3i9FummJ_cdkKP2O6TzFNb5jHJXZEH7fI2Eb-uh_t3UGOv21qlTOisPxu2uiB4CwMBIVNEXxIQuKH4jEazcnoLUsLiMjswoIoSny_-vzez:1pdBjt:J3qgxaeFiVneVYeuM1ghMD1kG0DluF6BTv010pbDcG8",
        "expire_date": "2023-03-31T15:11:29.492Z"
    }
},
{
    "model": "sessions.session",
    "pk": "r72mf56jsv38qlnl6v892qfa5awrm8vz",
    "fields": {
        "session_data": ".eJxVjDsOwjAQBe_iGlkJWf8o6XMGa3e9wQFkS3FSIe4OkVJA-2bmvVTEbc1xa7LEOamL6r06_Y6E_JCyk3THcquaa1mXmfSu6IM2PdYkz-vh_h1kbPlbo2NywQr05AbxzkzTYCx7YCAIZyvcWQdpsBSMBDZeOHFHYB2SEIN6fwASfji1:1pgSk4:dhOmKcnNvLLlGBWG2jTKJCdKkfIsduu9i8w_86Dbr6s",
        "expire_date": "2023-04-09T15:57:12.654Z"
    }
},
{
    "model": "sessions.session",
    "pk": "rx8rn4fkwzpjwi1hcifjlbdjtuddhi56",
    "fields": {
        "session_data": ".eJxVjDsOwjAQBe_iGlkJWf8o6XMGa3e9wQFkS3FSIe4OkVJA-2bmvVTEbc1xa7LEOamL6r06_Y6E_JCyk3THcquaa1mXmfSu6IM2PdYkz-vh_h1kbPlbo2NywQr05AbxzkzTYCx7YCAIZyvcWQdpsBSMBDZeOHFHYB2SEIN6fwASfji1:1phzFC:wtZjl-gB2wYa3vAh6FbUQPG21YYMnt2ISXZphHHR79A",
        "expire_date": "2023-04-13T20:51:38.610Z"
    }
},
{
    "model": "sessions.session",
    "pk": "s41by8fz6s6w1owi6ccelntxyrkl5qjc",
    "fields": {
        "session_data": ".eJxVjEEOwiAQRe_C2hBgmoG6dO8ZyHQYpGogKe3KeHdt0oVu_3vvv1SkbS1x67LEOamzsur0u03ED6k7SHeqt6a51XWZJ70r-qBdX1uS5-Vw_w4K9fKtESgIQggGWWxCHMEz2wwMRjJNgQYhQOOzG1IeJHh0EMh67zKNnNT7A-IZOBA:1pZsep:Q9SNvknCw53LNxubAtCQ3tDWc0aEUQyKmHvj63bwMoQ",
        "expire_date": "2023-03-22T12:12:35.113Z"
    }
},
{
    "model": "sessions.session",
    "pk": "s5208xoeltevypkfbaqzxcwwxnv3gxk3",
    "fields": {
        "session_data": ".eJxVjLEOwjAMRP8lM4rsBExgZOcbIic2pIBSqWknxL_TSB1gOZ3uPd3bRF7mEpemUxzEnA06s_sdE-en1k7kwfU-2jzWeRqS7YrdaLPXUfR12dy_g8Kt9F-iG2BmBfIesoon9MyJwJ3CWjQzJiBidxSEFNYMuPfKjvDghM3nCwACN8s:1pb6im:p5ucIZC70u9bONd5_nhsqySW21G4D8iGQtx6ukRJHEU",
        "expire_date": "2023-03-25T21:25:44.156Z"
    }
},
{
    "model": "sessions.session",
    "pk": "tbldert7svsnzir4y5qes3lej4qq30a4",
    "fields": {
        "session_data": ".eJxVjLEOwjAMRP8lM4rsBExgZOcbIic2pIBSqWknxL_TSB1gOZ3uPd3bRF7mEpemUxzEnA06s_sdE-en1k7kwfU-2jzWeRqS7YrdaLPXUfR12dy_g8Kt9F-iG2BmBfIesoon9MyJwJ3CWjQzJiBidxSEFNYMuPfKjvDghM3nCwACN8s:1pb61L:bD_CtMIwQ_b2TIxzu6RDX7ftfzh_N7UMQp8EoTOd5cw",
        "expire_date": "2023-03-25T20:40:51.600Z"
    }
},
{
    "model": "sessions.session",
    "pk": "ukbtarykgw699n3t5j092li9g802lh6y",
    "fields": {
        "session_data": ".eJxVjEEOwiAQRe_C2hCmFCou3fcMZIYZpGpoUtqV8e7apAvd_vfef6mI21ri1mSJE6uLgqBOvyNhekjdCd-x3mad5rouE-ld0QdtepxZntfD_Tso2Mq3to6MyxmQfPaDI8nZs0WbnEjKfQiGQc42GQIO3nm0PSAbGdBDFzpS7w8yfDjC:1peAtJ:llecjscJ0wOFKbhPFXtq30T141BzWQqr2KL47x6uMy8",
        "expire_date": "2023-04-03T08:29:17.263Z"
    }
},
{
    "model": "sessions.session",
    "pk": "ukshruhp6psor41vr7kwwut6kzo2s1gz",
    "fields": {
        "session_data": ".eJxVjLEOwjAMRP8lM4rsBExgZOcbIic2pIBSqWknxL_TSB1gOZ3uPd3bRF7mEpemUxzEnA06s_sdE-en1k7kwfU-2jzWeRqS7YrdaLPXUfR12dy_g8Kt9F-iG2BmBfIesoon9MyJwJ3CWjQzJiBidxSEFNYMuPfKjvDghM3nCwACN8s:1pb6gI:7dTMze3tt-jWjzZq9vCmJOMzhD8v7ahMD0uy40oFDvQ",
        "expire_date": "2023-03-25T21:23:10.969Z"
    }
},
{
    "model": "sessions.session",
    "pk": "v1y4wsmfcb0kucme9nsqy9y24549glsg",
    "fields": {
        "session_data": ".eJxVjEEOwiAQRe_C2hCmFCou3fcMZIYZpGpoUtqV8e7apAvd_vfef6mI21ri1mSJE6uLgqBOvyNhekjdCd-x3mad5rouE-ld0QdtepxZntfD_Tso2Mq3to6MyxmQfPaDI8nZs0WbnEjKfQiGQc42GQIO3nm0PSAbGdBDFzpS7w8yfDjC:1pkWEU:Wvf9rrGZ5_BoNOenSbLlf3hb3zKlfO-7EnMsT_7gw_E",
        "expire_date": "2023-04-20T20:29:22.610Z"
    }
},
{
    "model": "sessions.session",
    "pk": "v7tvnxdmbslpewabrbhmy4ikdu9nqrm7",
    "fields": {
        "session_data": ".eJxVjLEOwjAMRP8lM4rsBExgZOcbIic2pIBSqWknxL_TSB1gOZ3uPd3bRF7mEpemUxzEnA06s_sdE-en1k7kwfU-2jzWeRqS7YrdaLPXUfR12dy_g8Kt9F-iG2BmBfIesoon9MyJwJ3CWjQzJiBidxSEFNYMuPfKjvDghM3nCwACN8s:1paeff:J_9qb-E5bovvyZMrpt2sIuV89eEraPKX4v5oeRHd7zw",
        "expire_date": "2023-03-24T15:28:39.923Z"
    }
},
{
    "model": "sessions.session",
    "pk": "v95l5vy4w1a54k3jtdbu7os49j42spmf",
    "fields": {
        "session_data": ".eJxVjEEOwiAQRe_C2hBgmoG6dO8ZyHQYpGogKe3KeHdt0oVu_3vvv1SkbS1x67LEOamzsur0u03ED6k7SHeqt6a51XWZJ70r-qBdX1uS5-Vw_w4K9fKtESgIQggGWWxCHMEz2wwMRjJNgQYhQOOzG1IeJHh0EMh67zKNnNT7A-IZOBA:1piJH6:lm9aR6lgLkYkusB6P6HitrUQbFsgmCFJJoZyLX1M7e4",
        "expire_date": "2023-04-14T18:14:56.893Z"
    }
},
{
    "model": "sessions.session",
    "pk": "wauzsslidm6w6cjpoyuvxmh431izg3ss",
    "fields": {
        "session_data": ".eJxVjMEOwiAQRP-FsyHALhU8evcbCLCLVA1NSnsy_rtt0oNmbvPezFuEuC41rJ3nMJK4CA3i9FummJ_cdkKP2O6TzFNb5jHJXZEH7fI2Eb-uh_t3UGOv21qlTOisPxu2uiB4CwMBIVNEXxIQuKH4jEazcnoLUsLiMjswoIoSny_-vzez:1pb668:E77vAn-1Q_lIcCA-vvVUa7NKZUlyZG-sYyVmZmxyfyY",
        "expire_date": "2023-03-25T20:45:48.336Z"
    }
},
{
    "model": "sessions.session",
    "pk": "wwqtlrt60jfhmujc8vqjzw27e2760i54",
    "fields": {
        "session_data": ".eJxVjLEOwjAMRP8lM4rsBExgZOcbIic2pIBSqWknxL_TSB1gOZ3uPd3bRF7mEpemUxzEnA06s_sdE-en1k7kwfU-2jzWeRqS7YrdaLPXUfR12dy_g8Kt9F-iG2BmBfIesoon9MyJwJ3CWjQzJiBidxSEFNYMuPfKjvDghM3nCwACN8s:1paHoB:MoeNWh_Sa5lhnX6ziOM-7RW8tT71dUPHa1kg7YFlJLY",
        "expire_date": "2023-03-23T15:03:55.019Z"
    }
},
{
    "model": "sessions.session",
    "pk": "x2vy3r3k8ggzxeh4aqmattwrzsp3atqs",
    "fields": {
        "session_data": ".eJxVjLEOwjAMRP8lM4rsBExgZOcbIic2pIBSqWknxL_TSB1gOZ3uPd3bRF7mEpemUxzEnA06s_sdE-en1k7kwfU-2jzWeRqS7YrdaLPXUfR12dy_g8Kt9F-iG2BmBfIesoon9MyJwJ3CWjQzJiBidxSEFNYMuPfKjvDghM3nCwACN8s:1pcU3u:1C7FRM9LHcIXq67ZmUNtAeeiekH-akSceaZP8V4omeY",
        "expire_date": "2023-03-29T16:33:14.683Z"
    }
},
{
    "model": "sessions.session",
    "pk": "xwct23omijhf9hb78wtfcjggol8fmej0",
    "fields": {
        "session_data": ".eJxVjDsOwjAQBe_iGlkJWf8o6XMGa3e9wQFkS3FSIe4OkVJA-2bmvVTEbc1xa7LEOamL6r06_Y6E_JCyk3THcquaa1mXmfSu6IM2PdYkz-vh_h1kbPlbo2NywQr05AbxzkzTYCx7YCAIZyvcWQdpsBSMBDZeOHFHYB2SEIN6fwASfji1:1pfdot:zW4Gd1ObIDcJkXOu2FI6NnDndtGSE4EVmQqyPjbQt0M",
        "expire_date": "2023-04-07T09:34:47.026Z"
    }
},
{
    "model": "sessions.session",
    "pk": "ygy82omuu5dncnexhh3ecl46hawl24jg",
    "fields": {
        "session_data": ".eJxVjLEOwjAMRP8lM4rsBExgZOcbIic2pIBSqWknxL_TSB1gOZ3uPd3bRF7mEpemUxzEnA06s_sdE-en1k7kwfU-2jzWeRqS7YrdaLPXUfR12dy_g8Kt9F-iG2BmBfIesoon9MyJwJ3CWjQzJiBidxSEFNYMuPfKjvDghM3nCwACN8s:1paxy9:b4OuQ0OykDZODF0sKjYsVnG5IM5xzdG6G6L8b0fF-MI",
        "expire_date": "2023-03-25T12:05:01.058Z"
    }
},
{
    "model": "sessions.session",
    "pk": "yvvnr8r53mbfl1dlacynj95c22p4gwie",
    "fields": {
        "session_data": ".eJxVjDsOwjAQBe_iGlkJWf8o6XMGa3e9wQFkS3FSIe4OkVJA-2bmvVTEbc1xa7LEOamL6r06_Y6E_JCyk3THcquaa1mXmfSu6IM2PdYkz-vh_h1kbPlbo2NywQr05AbxzkzTYCx7YCAIZyvcWQdpsBSMBDZeOHFHYB2SEIN6fwASfji1:1pfeT5:FdtpWjRhHTM1o-ci-9RV_B70xaKD45ZTiOEsKOa_GDI",
        "expire_date": "2023-04-07T10:16:19.523Z"
    }
},
{
    "model": "sessions.session",
    "pk": "zobfmpgiftrll3kxlcspy6w549xwbke2",
    "fields": {
        "session_data": ".eJxVjDsOwjAQBe_iGlkJWf8o6XMGa3e9wQFkS3FSIe4OkVJA-2bmvVTEbc1xa7LEOamL6r06_Y6E_JCyk3THcquaa1mXmfSu6IM2PdYkz-vh_h1kbPlbo2NywQr05AbxzkzTYCx7YCAIZyvcWQdpsBSMBDZeOHFHYB2SEIN6fwASfji1:1pgohz:HaEuy-ZrwN5iaN50KKkgUKOfYxiQORfAEp6OiclAtYg",
        "expire_date": "2023-04-10T15:24:31.080Z"
    }
},
{
    "model": "courses.newuser",
    "pk": 1,
    "fields": {
        "password": "pbkdf2_sha256$390000$G4UXUb3XHOLtukhLq7YC2x$gtRi4b79U/Lm7ntu9B3WgGY4mttelnape1QJggHRmX4=",
        "last_login": "2023-04-26T15:32:02.250Z",
        "is_superuser": true,
        "username": "naida",
        "first_name": "",
        "last_name": "",
        "email": "",
        "is_staff": true,
        "is_active": true,
        "date_joined": "2023-03-03T15:55:39.073Z",
        "is_student": false,
        "is_tutor": false,
        "groups": [],
        "user_permissions": []
    }
},
{
    "model": "courses.newuser",
    "pk": 12,
    "fields": {
        "password": "pbkdf2_sha256$390000$4gJCSU7cz8nEgBokER2b5S$JBw0fEVtN+ZId6TqCae+arI8l7popBXID7JTSWCrruA=",
        "last_login": "2023-04-26T15:10:23.029Z",
        "is_superuser": false,
        "username": "nozickaaaa",
        "first_name": "naida",
        "last_name": "nozic",
        "email": "naida.nozic16@gmail.com",
        "is_staff": false,
        "is_active": true,
        "date_joined": "2023-03-05T15:49:18Z",
        "is_student": true,
        "is_tutor": false,
        "groups": [],
        "user_permissions": []
    }
},
{
    "model": "courses.newuser",
    "pk": 13,
    "fields": {
        "password": "pbkdf2_sha256$390000$hXcrvvv0DOJGqWcWIGJjUH$uTJUbT/ACOcOrbUlZalCq4o6/CDJKrGxuOkVSn5g9YI=",
        "last_login": "2023-04-15T17:33:26.035Z",
        "is_superuser": false,
        "username": "SS",
        "first_name": "Selma",
        "last_name": "Semiz",
        "email": "selma@gmail.com",
        "is_staff": false,
        "is_active": true,
        "date_joined": "2023-03-05T16:14:26.745Z",
        "is_student": true,
        "is_tutor": false,
        "groups": [],
        "user_permissions": []
    }
},
{
    "model": "courses.newuser",
    "pk": 14,
    "fields": {
        "password": "pbkdf2_sha256$390000$rgSE9dkSPFEXQV8DevD4pT$1N9U2Jf0bd95JmhTZ73p5NkljwlLu3bJGu30u60JiZA=",
        "last_login": "2023-03-31T20:21:19.746Z",
        "is_superuser": false,
        "username": "mehomehic",
        "first_name": "Meho",
        "last_name": "mehic",
        "email": "meho@gmail.com",
        "is_staff": false,
        "is_active": true,
        "date_joined": "2023-03-05T16:17:37.639Z",
        "is_student": true,
        "is_tutor": false,
        "groups": [],
        "user_permissions": []
    }
},
{
    "model": "courses.newuser",
    "pk": 17,
    "fields": {
        "password": "pbkdf2_sha256$390000$0jg4JK80ObCbZqVCMUHETi$nP2+e9lZsGkW3NLmIsNUuJOhXyUzR4+8ZvZ/s1VybGc=",
        "last_login": "2023-03-06T19:15:33.446Z",
        "is_superuser": false,
        "username": "Sarah_Neko",
        "first_name": "Sarah",
        "last_name": "Neko",
        "email": "sarah@example.com",
        "is_staff": false,
        "is_active": true,
        "date_joined": "2023-03-06T19:15:33.136Z",
        "is_student": true,
        "is_tutor": false,
        "groups": [],
        "user_permissions": []
    }
},
{
    "model": "courses.newuser",
    "pk": 18,
    "fields": {
        "password": "pbkdf2_sha256$390000$PEUBv0AlEQlYz8TFkNbzn8$d9/TCsmskMb2+ycVljbRSAz8nj5Ao5vL3VNUbnTn23Y=",
        "last_login": "2023-04-26T15:11:20.451Z",
        "is_superuser": false,
        "username": "MehmedBrkic",
        "first_name": "Mehmed",
        "last_name": "Brkic",
        "email": "mehmed@gmail.com",
        "is_staff": false,
        "is_active": true,
        "date_joined": "2023-03-06T20:27:57Z",
        "is_student": false,
        "is_tutor": true,
        "groups": [],
        "user_permissions": []
    }
},
{
    "model": "courses.newuser",
    "pk": 19,
    "fields": {
        "password": "pbkdf2_sha256$390000$DFetUr0p5GOhOeeVeDd0bk$gbhG5DTOb44/dvIJ7sMuPPiEIhsWCfR658G17nOXawI=",
        "last_login": "2023-04-06T20:29:22.595Z",
        "is_superuser": false,
        "username": "Capelj",
        "first_name": "Capelj",
        "last_name": "Asistent",
        "email": "hcapelj1@etf.unsa.ba",
        "is_staff": false,
        "is_active": true,
        "date_joined": "2023-03-20T08:28:29Z",
        "is_student": false,
        "is_tutor": true,
        "groups": [],
        "user_permissions": []
    }
},
{
    "model": "courses.newuser",
    "pk": 20,
    "fields": {
        "password": "pbkdf2_sha256$390000$hLS7RKYVsftOvgu5WxNsqf$mEwuXMrsgj+/qau8hk7UTmsfs7qdJUxm5aw/7klnl0c=",
        "last_login": "2023-04-03T19:47:20.600Z",
        "is_superuser": false,
        "username": "AnidaNezovic",
        "first_name": "Anida",
        "last_name": "Nezovic",
        "email": "anida.nezovic@gmail.com",
        "is_staff": false,
        "is_active": true,
        "date_joined": "2023-04-03T19:47:20.268Z",
        "is_student": true,
        "is_tutor": false,
        "groups": [],
        "user_permissions": []
    }
},
{
    "model": "courses.course",
    "pk": 6,
    "fields": {
        "name": "Introduction to programming",
        "summary": "Topics: Strings, Functions, Matrix, Classes, Structures, C programming language",
        "image": "courses_images/default.jpg",
        "overview": "An Introduction to Programming course covers the basic principles and concepts of computer programming. The course may cover topics such as programming languages, data types, variables, control structures, functions, and basic algorithms.\r\n\r\nOverall, an Introduction to Programming course is designed to provide students with a solid foundation in computer programming, preparing them for more advanced courses in computer science, as well as careers in fields such as software development, data analysis, and web development.",
        "max_students": 100,
        "student_number": 2
    }
},
{
    "model": "courses.course",
    "pk": 7,
    "fields": {
        "name": "Programming techniques",
        "summary": "The course will provide students will a comprehensive understanding of C++ concepts.",
        "image": "courses_images/default.jpg",
        "overview": "Students of the Programming Techniques course will learn a wide range of topics related to software development and programming concepts. The course will touch on topics such as programming languages, data structures, algorithms, object-oriented programming, software testing, and debugging.\r\n\r\nStudents will learn how to write programs in programming languages such as Java, C++, or Python, using programming techniques such as abstraction, decomposition, and modularization. They will also learn about data structures such as arrays, lists, and trees, and algorithms such as sorting and searching.",
        "max_students": 100,
        "student_number": 1
    }
},
{
    "model": "courses.course",
    "pk": 8,
    "fields": {
        "name": "Mobile Application Development",
        "summary": "Topics: React Native, Flutter, Kotlin",
        "image": "courses_images/coding2.jpg",
        "overview": "The Mobile Application Development course will cover topics related to building mobile applications for various platforms such as iOS and Android. The course will also cover topics such as mobile app design, user interface design, programming languages, mobile application architecture, and mobile app security.\r\n\r\nStudents will learn how to create mobile applications using programming languages such as Swift, Kotlin, or Java. They will also learn about mobile app design principles, user experience design, and mobile app development frameworks such as React Native or Flutter.",
        "max_students": 100,
        "student_number": 1
    }
},
{
    "model": "courses.course",
    "pk": 9,
    "fields": {
        "name": "Web Technologies",
        "summary": "Javascript,HTML,CSS",
        "image": "courses_images/coding.jpg",
        "overview": "The web technologies course covers a range of concepts related to building web applications. The course may cover topics such as HTML, CSS, JavaScript, web design principles, web development frameworks, and web security.\r\n\r\nStudents will learn how to create web pages using HTML and CSS, add interactivity to web pages using JavaScript, and create dynamic web applications using web development frameworks such as React or Angular. They will also learn about user interface design, responsive design principles, and accessibility considerations.",
        "max_students": 2,
        "student_number": 2
    }
},
{
    "model": "courses.course",
    "pk": 10,
    "fields": {
        "name": "Mathematic",
        "summary": "Introduction to mathematics,Functions,equations and inequations, absolute values, Trigonometry",
        "image": "courses_images/maths_zkxeUTL.jpg",
        "overview": "Mathematic course covers a range of topics, from foundational concepts to more advanced theories and applications. Students are expected to have a strong grasp of algebra and calculus, as well as an ability to think critically and logically.\r\n\r\nThe course may cover topics such as number theory, geometry, probability, statistics, linear algebra, and differential equations. Students will learn how to apply mathematical concepts to solve problems, analyze data, and make predictions.\r\n\r\nThe course will typically involve lectures, problem-solving sessions, and assignments, with a focus on building students' understanding and problem-solving skills. Students may also have access to resources such as textbooks, online materials, and tutoring services to support their learning.\r\n\r\nOverall, this course is designed to provide students with a rigorous and comprehensive education in mathematics, preparing them for a wide range of careers in fields such as finance, engineering, computer science, and research.",
        "max_students": 100,
        "student_number": 9
    }
},
{
    "model": "courses.course",
    "pk": 11,
    "fields": {
        "name": "Algebra",
        "summary": "Fundamentals of modern geometry,                definitions of objects such as lines, planes and rotations.",
        "image": "courses_images/mathematic.jpg",
        "overview": "An algebra course covers the fundamental concepts of algebra and builds on them to cover more advanced topics. The course may cover topics such as linear equations, matrices, determinants, vector spaces, and abstract algebraic structures.\r\n\r\nStudents will learn how to manipulate algebraic expressions and solve equations using various techniques such as factoring, substitution, and elimination. They will also learn how to apply algebraic concepts to solve real-world problems in fields such as physics, engineering, and economics.\r\n\r\nThe course will typically involve lectures, problem-solving sessions, and assignments, with a focus on building students' understanding and problem-solving skills. Students may also have access to resources such as textbooks, online materials, and tutoring services to support their learning.\r\n\r\nOverall, an algebra course is designed to provide students with a strong foundation in algebra, preparing them for more advanced courses in mathematics, as well as careers in fields such as engineering, finance, and computer science.",
        "max_students": 100,
        "student_number": 0
    }
},
{
    "model": "courses.student",
    "pk": 12,
    "fields": {
        "phone": 38762878785,
        "age": 21
    }
},
{
    "model": "courses.student",
    "pk": 13,
    "fields": {
        "phone": 65432,
        "age": 21
    }
},
{
    "model": "courses.student",
    "pk": 14,
    "fields": {
        "phone": 456789,
        "age": 23
    }
},
{
    "model": "courses.student",
    "pk": 17,
    "fields": {
        "phone": 2345,
        "age": 32
    }
},
{
    "model": "courses.student",
    "pk": 20,
    "fields": {
        "phone": 38762878789,
        "age": 22
    }
},
{
    "model": "courses.tutor",
    "pk": 18,
    "fields": {
        "phone": 38799999
    }
},
{
    "model": "courses.tutor",
    "pk": 19,
    "fields": {
        "phone": 62878786
    }
},
{
    "model": "courses.studentcourse",
    "pk": 3,
    "fields": {
        "course": 6,
        "student": 12
    }
},
{
    "model": "courses.studentcourse",
    "pk": 4,
    "fields": {
        "course": 9,
        "student": 13
    }
},
{
    "model": "courses.studentcourse",
    "pk": 7,
    "fields": {
        "course": 9,
        "student": 14
    }
},
{
    "model": "courses.studentcourse",
    "pk": 10,
    "fields": {
        "course": 8,
        "student": 12
    }
},
{
    "model": "courses.studentcourse",
    "pk": 11,
    "fields": {
        "course": 7,
        "student": 12
    }
},
{
    "model": "courses.studentcourse",
    "pk": 16,
    "fields": {
        "course": 6,
        "student": 20
    }
},
{
    "model": "courses.studentcourse",
    "pk": 19,
    "fields": {
        "course": 10,
        "student": 13
    }
},
{
    "model": "courses.studentcourse",
    "pk": 20,
    "fields": {
        "course": 10,
        "student": 12
    }
},
{
    "model": "courses.tutorcourse",
    "pk": 2,
    "fields": {
        "course": 10,
        "tutor": 18
    }
},
{
    "model": "courses.tutorcourse",
    "pk": 3,
    "fields": {
        "course": 11,
        "tutor": 18
    }
},
{
    "model": "courses.tutorcourse",
    "pk": 5,
    "fields": {
        "course": 6,
        "tutor": 19
    }
},
{
    "model": "courses.tutorcourse",
    "pk": 6,
    "fields": {
        "course": 10,
        "tutor": 19
    }
},
{
    "model": "courses.notice",
    "pk": 7,
    "fields": {
        "name": "algebra1",
        "text": "objava algebra bez doka",
        "created_at": "2023-03-18T17:28:51.083Z",
        "tutor": 18,
        "course": 11
    }
},
{
    "model": "courses.notice",
    "pk": 8,
    "fields": {
        "name": "algebra2",
        "text": "objava algebra sa dokumenom",
        "created_at": "2023-03-18T17:29:06.438Z",
        "tutor": 18,
        "course": 11
    }
},
{
    "model": "courses.notice",
    "pk": 27,
    "fields": {
        "name": "Material 1",
        "text": "The material:",
        "created_at": "2023-04-26T15:11:53.564Z",
        "tutor": 18,
        "course": 10
    }
},
{
    "model": "courses.notice",
    "pk": 28,
    "fields": {
        "name": "Post without material",
        "text": "No material",
        "created_at": "2023-04-26T15:12:02.807Z",
        "tutor": 18,
        "course": 10
    }
},
{
    "model": "courses.material",
    "pk": 15,
    "fields": {
        "notice": 27,
        "material": "materials/test.txt"
    }
},
{
    "model": "courses.question",
    "pk": 8,
    "fields": {
        "title": "Hajmo ovdje malo",
        "text": "lalala",
        "created_at": "2023-03-20T08:25:49.729Z",
        "course": 6,
        "user": 13
    }
},
{
    "model": "courses.question",
    "pk": 9,
    "fields": {
        "title": "Pitanje od Capelja",
        "text": "evo ga",
        "created_at": "2023-03-20T08:29:34.193Z",
        "course": 6,
        "user": 19
    }
},
{
    "model": "courses.question",
    "pk": 18,
    "fields": {
        "title": "Prvo pitanje",
        "text": "pitanje",
        "created_at": "2023-04-14T14:39:05.222Z",
        "course": 7,
        "user": 12
    }
},
{
    "model": "courses.question",
    "pk": 19,
    "fields": {
        "title": "ggggggggggggggggggg",
        "text": "The sun was setting over the distant mountains as John made his way down the dirt road. He had been walking for hours, his feet aching and his throat parched. As he rounded a bend in the road, he saw a small cabin nestled in a clearing. A flicker of hope ignited in his chest as he quickened his pace. Maybe he could get some water and rest for a while.\r\n\r\nAs he approached the cabin, he saw a figure standing in the doorway. It was an old man with a lined face and a thick white beard. The man watched him warily as John drew near.\r\n\r\n\"Can I help you?\" the old man asked.\r\n\r\nJohn explained his situation, and the man listened silently. Finally, he nodded and stepped aside to let John enter. The cabin was small but cozy, with a fire crackling in the hearth and the smell of stew wafting from a pot on the stove.\r\n\r\n\"Sit down and eat,\" the old man said gruffly, handing him a bowl of stew and a hunk of bread.\r\n\r\nJohn ate gratefully, savoring the warmth of the fire and the taste of the food. As he finished, the old man spoke again.\r\n\r\n\"I can't offer you much, but you're welcome to stay here for the night.\"\r\n\r\nJohn nodded, feeling a sense of relief wash over him. Maybe tomorrow he could find a way to get back on his feet. But for now, he was grateful for the simple kindness of a stranger.tgtg",
        "created_at": "2023-04-21T07:47:58.490Z",
        "course": 10,
        "user": 18
    }
},
{
    "model": "courses.question",
    "pk": 20,
    "fields": {
        "title": "rrrrrr",
        "text": "ergr",
        "created_at": "2023-04-21T07:51:37.047Z",
        "course": 10,
        "user": 18
    }
},
{
    "model": "courses.answer",
    "pk": 34,
    "fields": {
        "user": 18,
        "question": 20,
        "text": "egrt",
        "created_at": "2023-04-21T07:55:36.219Z"
    }
},
{
    "model": "courses.assignment",
    "pk": 19,
    "fields": {
        "name": "First assignment",
        "created_at": "2023-04-26T15:10:16.320Z",
        "course": 10,
        "tutor": 18,
        "file_assignment": "assignments/test.txt"
    }
}
]
